--
-- Script was generated by Devart dbForge Studio 2019 for MySQL, Version 8.2.23.0
-- Product home page: http://www.devart.com/dbforge/mysql/studio
-- Script date 3/19/2023 11:30:31 AM
-- Server version: 5.5.5-10.4.14-MariaDB
-- Client version: 4.1
--

-- 
-- Disable foreign keys
-- 
/*!40014 SET @OLD_FOREIGN_KEY_CHECKS=@@FOREIGN_KEY_CHECKS, FOREIGN_KEY_CHECKS=0 */;

-- 
-- Set SQL mode
-- 
/*!40101 SET @OLD_SQL_MODE=@@SQL_MODE, SQL_MODE='NO_AUTO_VALUE_ON_ZERO' */;

-- 
-- Set character set the client will use to send SQL statements to the server
--
SET NAMES 'utf8';
DROP DATABASE IF EXISTS task_management;
CREATE DATABASE IF NOT EXISTS task_management CHARACTER SET utf8 COLLATE utf8_general_ci;
--
-- Set default database
--
USE task_management;

--
-- Drop table `auditing_log`
--
DROP TABLE IF EXISTS auditing_log;

--
-- Drop table `employee_project_mapping`
--
DROP TABLE IF EXISTS employee_project_mapping;

--
-- Drop table `notification`
--
DROP TABLE IF EXISTS notification;

--
-- Drop table `project`
--
DROP TABLE IF EXISTS project;

--
-- Drop table `role`
--
DROP TABLE IF EXISTS role;

--
-- Drop table `role_permission`
--
DROP TABLE IF EXISTS role_permission;

--
-- Drop table `schedule`
--
DROP TABLE IF EXISTS schedule;

--
-- Drop table `sequence`
--
DROP TABLE IF EXISTS sequence;

--
-- Drop table `task`
--
DROP TABLE IF EXISTS task;

--
-- Drop table `task_dictionary`
--
DROP TABLE IF EXISTS task_dictionary;

--
-- Drop table `task_dictionary_data`
--
DROP TABLE IF EXISTS task_dictionary_data;

--
-- Drop view `view_comment`
--
DROP VIEW IF EXISTS view_comment CASCADE;

--
-- Drop table `comment`
--
DROP TABLE IF EXISTS comment;

--
-- Drop table `employee`
--
DROP TABLE IF EXISTS employee;

--
-- Set default database
--
USE task_management;

--
-- Create table `employee`
--
CREATE TABLE employee (
  ID bigint(20) NOT NULL AUTO_INCREMENT,
  EmployeeID varchar(36) DEFAULT NULL,
  FullName varchar(255) CHARACTER SET utf8 COLLATE utf8_unicode_ci DEFAULT NULL,
  RoleID bigint(20) DEFAULT NULL,
  Email varchar(500) DEFAULT NULL,
  PhoneNumber varchar(50) DEFAULT NULL,
  ModifiedDate datetime DEFAULT NULL,
  ModifiedBy varchar(255) CHARACTER SET utf8 COLLATE utf8_unicode_ci DEFAULT NULL,
  CreatedDate datetime DEFAULT NULL,
  CreatedBy varchar(255) CHARACTER SET utf8 COLLATE utf8_unicode_ci DEFAULT NULL,
  Username varchar(255) DEFAULT NULL,
  Password varchar(255) DEFAULT NULL,
  FirstName varchar(100) DEFAULT NULL,
  LastName varchar(100) DEFAULT NULL,
  IsActived tinyint(1) DEFAULT 1,
  EmployeeCode varchar(10) DEFAULT NULL,
  PRIMARY KEY (ID)
)
ENGINE = INNODB,
AUTO_INCREMENT = 45,
AVG_ROW_LENGTH = 3276,
CHARACTER SET utf8,
COLLATE utf8_general_ci;

--
-- Create index `employee_ibfk_1` on table `employee`
--
ALTER TABLE employee
ADD INDEX employee_ibfk_1 (RoleID);

--
-- Create table `comment`
--
CREATE TABLE comment (
  ID bigint(20) NOT NULL AUTO_INCREMENT,
  TaskID bigint(20) DEFAULT NULL,
  OwnerID bigint(20) DEFAULT NULL,
  Content text DEFAULT NULL,
  ModifiedDate datetime DEFAULT NULL,
  ModifiedBy varchar(255) DEFAULT NULL,
  CreatedDate datetime DEFAULT NULL,
  CreatedBy varchar(255) DEFAULT NULL,
  PRIMARY KEY (ID)
)
ENGINE = INNODB,
AUTO_INCREMENT = 18,
AVG_ROW_LENGTH = 1365,
CHARACTER SET utf8mb4,
COLLATE utf8mb4_general_ci;

--
-- Create view `view_comment`
--
CREATE
VIEW view_comment
AS
SELECT
  `c`.`ID` AS `ID`,
  `c`.`TaskID` AS `TaskID`,
  `c`.`OwnerID` AS `OwnerID`,
  `c`.`Content` AS `Content`,
  CONCAT(`e`.`FullName`, ' (', `e`.`EmployeeCode`, ')') AS `FullName`,
  LEFT(`e`.`LastName`, 1) AS `FirstCharacter`,
  `c`.`ModifiedDate` AS `ModifiedDate`,
  `c`.`ModifiedBy` AS `ModifiedBy`,
  `c`.`CreatedDate` AS `CreatedDate`,
  `c`.`CreatedBy` AS `CreatedBy`
FROM (`comment` `c`
  JOIN `employee` `e`
    ON (`e`.`ID` = `c`.`OwnerID`));

--
-- Create table `task_dictionary_data`
--
CREATE TABLE task_dictionary_data (
  ID bigint(20) NOT NULL AUTO_INCREMENT,
  DictionaryID bigint(20) NOT NULL,
  Value int(11) DEFAULT NULL,
  Text varchar(255) DEFAULT NULL,
  Active tinyint(1) DEFAULT NULL,
  SortOrder int(11) DEFAULT NULL,
  CreatedDate datetime DEFAULT NULL,
  CreatedBy varchar(255) CHARACTER SET utf8 COLLATE utf8_unicode_ci DEFAULT NULL,
  ModifiedDate datetime DEFAULT NULL,
  ModifiedBy varchar(255) CHARACTER SET utf8 COLLATE utf8_unicode_ci DEFAULT NULL,
  PRIMARY KEY (ID)
)
ENGINE = INNODB,
AUTO_INCREMENT = 11,
AVG_ROW_LENGTH = 1638,
CHARACTER SET utf8,
COLLATE utf8_general_ci;

--
-- Create index `task_dictionary_data_ibfk_1` on table `task_dictionary_data`
--
ALTER TABLE task_dictionary_data
ADD INDEX task_dictionary_data_ibfk_1 (DictionaryID);

--
-- Create table `task_dictionary`
--
CREATE TABLE task_dictionary (
  ID bigint(20) NOT NULL AUTO_INCREMENT,
  FieldName varchar(255) NOT NULL,
  DictionaryName varchar(255) NOT NULL,
  Active tinyint(1) DEFAULT NULL,
  CreatedDate datetime DEFAULT NULL,
  CreatedBy varchar(255) CHARACTER SET utf8 COLLATE utf8_unicode_ci DEFAULT NULL,
  ModifiedDate datetime DEFAULT NULL,
  ModifiedBy varchar(255) CHARACTER SET utf8 COLLATE utf8_unicode_ci DEFAULT NULL,
  PRIMARY KEY (ID)
)
ENGINE = INNODB,
AUTO_INCREMENT = 4,
AVG_ROW_LENGTH = 5461,
CHARACTER SET utf8,
COLLATE utf8_general_ci;

--
-- Create table `task`
--
CREATE TABLE task (
  ID bigint(20) NOT NULL AUTO_INCREMENT,
  Subject varchar(255) DEFAULT NULL,
  PriorityID int(11) DEFAULT NULL,
  PriorityIDText varchar(255) DEFAULT NULL,
  StatusID int(11) DEFAULT NULL,
  StatusIDText varchar(255) DEFAULT NULL,
  AssignedUserID bigint(20) DEFAULT NULL,
  AssignedUserIDText varchar(255) DEFAULT NULL,
  ProjectID bigint(20) DEFAULT NULL,
  CreatedBy varchar(255) CHARACTER SET utf8 COLLATE utf8_unicode_ci DEFAULT NULL,
  CreatedDate datetime DEFAULT NULL,
  ModifiedBy varchar(255) CHARACTER SET utf8mb4 COLLATE utf8mb4_unicode_ci DEFAULT NULL,
  ModifiedDate datetime DEFAULT NULL,
  RelatedUserID bigint(20) DEFAULT NULL,
  RelatedUserIDText varchar(255) DEFAULT NULL,
  DueDate datetime DEFAULT NULL,
  Description text DEFAULT NULL,
  CompletedProgress smallint(4) DEFAULT 0,
  TaskCode varchar(30) DEFAULT NULL,
  PriorityColor varchar(10) DEFAULT NULL,
  StatusColor varchar(10) DEFAULT NULL,
  CompletedDate datetime DEFAULT NULL,
  PRIMARY KEY (ID)
)
ENGINE = INNODB,
AUTO_INCREMENT = 85,
AVG_ROW_LENGTH = 2340,
CHARACTER SET utf8,
COLLATE utf8_general_ci;

--
-- Create index `ProjectID` on table `task`
--
ALTER TABLE task
ADD INDEX ProjectID (ProjectID);

--
-- Create table `sequence`
--
CREATE TABLE sequence (
  ID bigint(20) NOT NULL AUTO_INCREMENT,
  FieldName varchar(255) DEFAULT NULL,
  Prefix varchar(10) DEFAULT NULL,
  MaxLength smallint(4) DEFAULT NULL,
  CurrentValue bigint(20) DEFAULT NULL,
  ModifiedDate datetime DEFAULT NULL,
  ModifiedBy varchar(255) CHARACTER SET utf8 COLLATE utf8_unicode_ci DEFAULT NULL,
  CreatedDate datetime DEFAULT NULL,
  CreatedBy varchar(255) CHARACTER SET utf8 COLLATE utf8_unicode_ci DEFAULT NULL,
  PRIMARY KEY (ID)
)
ENGINE = INNODB,
AUTO_INCREMENT = 3,
AVG_ROW_LENGTH = 8192,
CHARACTER SET utf8mb4,
COLLATE utf8mb4_general_ci;

--
-- Create table `schedule`
--
CREATE TABLE schedule (
  ID bigint(20) NOT NULL AUTO_INCREMENT,
  TaskID bigint(20) DEFAULT NULL,
  IsDeleted tinyint(1) DEFAULT 0,
  ModifiedDate datetime DEFAULT NULL,
  ModifiedBy varchar(255) CHARACTER SET utf8 COLLATE utf8_unicode_ci DEFAULT NULL,
  CreatedDate datetime DEFAULT NULL,
  CreatedBy varchar(255) DEFAULT NULL,
  ProjectID bigint(20) DEFAULT NULL,
  PRIMARY KEY (ID)
)
ENGINE = INNODB,
AUTO_INCREMENT = 64,
AVG_ROW_LENGTH = 381,
CHARACTER SET utf8,
COLLATE utf8_general_ci;

--
-- Create index `ProjectID` on table `schedule`
--
ALTER TABLE schedule
ADD INDEX ProjectID (ProjectID);

--
-- Create index `TaskID` on table `schedule`
--
ALTER TABLE schedule
ADD INDEX TaskID (TaskID);

--
-- Create table `role_permission`
--
CREATE TABLE role_permission (
  ID bigint(20) NOT NULL AUTO_INCREMENT,
  RoleID bigint(20) NOT NULL,
  Permission bigint(20) NOT NULL,
  ModifiedDate datetime DEFAULT NULL,
  ModifiedBy varchar(255) CHARACTER SET utf8 COLLATE utf8_unicode_ci DEFAULT NULL,
  CreatedDate datetime DEFAULT NULL,
  CreatedBy varchar(255) DEFAULT NULL,
  LayoutCode varchar(50) DEFAULT NULL,
  PRIMARY KEY (ID)
)
ENGINE = INNODB,
AUTO_INCREMENT = 10,
AVG_ROW_LENGTH = 1820,
CHARACTER SET utf8,
COLLATE utf8_general_ci;

--
-- Create index `role_permission_ibfk_1` on table `role_permission`
--
ALTER TABLE role_permission
ADD INDEX role_permission_ibfk_1 (RoleID);

--
-- Create table `role`
--
CREATE TABLE role (
  ID bigint(20) NOT NULL AUTO_INCREMENT,
  RoleName varchar(255) CHARACTER SET utf8 COLLATE utf8_unicode_ci NOT NULL,
  Description varchar(255) CHARACTER SET utf8 COLLATE utf8_unicode_ci NOT NULL,
  ModifiedDate datetime DEFAULT NULL,
  ModifiedBy varchar(255) DEFAULT NULL,
  CreatedDate datetime DEFAULT NULL,
  CreatedBy varchar(255) DEFAULT NULL,
  PRIMARY KEY (ID)
)
ENGINE = INNODB,
AUTO_INCREMENT = 4,
AVG_ROW_LENGTH = 5461,
CHARACTER SET utf8,
COLLATE utf8_general_ci;

--
-- Create table `project`
--
CREATE TABLE project (
  ID bigint(20) NOT NULL AUTO_INCREMENT,
  ProjectName varchar(255) NOT NULL DEFAULT '',
  ProjectCode varchar(50) NOT NULL DEFAULT '',
  ModifiedDate datetime DEFAULT NULL,
  ModifiedBy varchar(255) DEFAULT NULL,
  CreatedDate datetime DEFAULT NULL,
  CreatedBy varchar(255) DEFAULT NULL,
  OwnerID bigint(20) DEFAULT NULL,
  PRIMARY KEY (ID)
)
ENGINE = INNODB,
AUTO_INCREMENT = 35,
AVG_ROW_LENGTH = 8192,
CHARACTER SET utf8,
COLLATE utf8_unicode_ci;

--
-- Create index `OwnerID` on table `project`
--
ALTER TABLE project
ADD INDEX OwnerID (OwnerID);

--
-- Create table `notification`
--
CREATE TABLE notification (
  ID bigint(20) NOT NULL AUTO_INCREMENT,
  FromUserID bigint(20) DEFAULT NULL,
  ToUserID bigint(20) DEFAULT NULL,
  LayoutCode varchar(50) DEFAULT NULL,
  EventName varchar(50) DEFAULT NULL,
  Config mediumtext DEFAULT NULL,
  Content varchar(500) DEFAULT NULL,
  ModifiedDate datetime DEFAULT NULL,
  ModifiedBy varchar(255) DEFAULT NULL,
  CreatedDate datetime DEFAULT NULL,
  CreatedBy varchar(255) DEFAULT NULL,
  ProjectID bigint(20) DEFAULT NULL,
  PRIMARY KEY (ID)
)
ENGINE = INNODB,
AUTO_INCREMENT = 90,
AVG_ROW_LENGTH = 199,
CHARACTER SET utf8,
COLLATE utf8_general_ci;

--
-- Create index `fk_notity_project` on table `notification`
--
ALTER TABLE notification
ADD INDEX fk_notity_project (ProjectID);

--
-- Create index `notification_ibfk_1` on table `notification`
--
ALTER TABLE notification
ADD INDEX notification_ibfk_1 (FromUserID);

--
-- Create index `notification_ibfk_2` on table `notification`
--
ALTER TABLE notification
ADD INDEX notification_ibfk_2 (ToUserID);

--
-- Create table `employee_project_mapping`
--
CREATE TABLE employee_project_mapping (
  ID bigint(20) NOT NULL AUTO_INCREMENT,
  EmployeeID bigint(20) NOT NULL,
  ProjectID bigint(20) NOT NULL,
  ModifiedDate datetime DEFAULT NULL,
  ModifiedBy varchar(255) DEFAULT NULL,
  CreatedDate datetime DEFAULT NULL,
  CreatedBy varchar(255) DEFAULT NULL,
  PRIMARY KEY (ID)
)
ENGINE = INNODB,
AUTO_INCREMENT = 84,
AVG_ROW_LENGTH = 8192,
CHARACTER SET utf8,
COLLATE utf8_general_ci;

--
-- Create index `employee_project_mapping_ibfk_2` on table `employee_project_mapping`
--
ALTER TABLE employee_project_mapping
ADD INDEX employee_project_mapping_ibfk_2 (EmployeeID);

--
-- Create index `ProjectID` on table `employee_project_mapping`
--
ALTER TABLE employee_project_mapping
ADD INDEX ProjectID (ProjectID);

--
-- Create table `auditing_log`
--
CREATE TABLE auditing_log (
  ID bigint(20) NOT NULL AUTO_INCREMENT,
  Content mediumtext DEFAULT NULL,
  TaskID bigint(20) DEFAULT NULL,
  ProjectID bigint(20) DEFAULT NULL,
  ModifiedDate datetime DEFAULT NULL,
  ModifiedBy varchar(255) CHARACTER SET utf8 COLLATE utf8_unicode_ci DEFAULT NULL,
  CreatedDate datetime DEFAULT NULL,
  CreatedBy varchar(255) CHARACTER SET utf8 COLLATE utf8_unicode_ci DEFAULT NULL,
  PRIMARY KEY (ID)
)
ENGINE = INNODB,
CHARACTER SET utf8mb4,
COLLATE utf8mb4_general_ci;

--
-- Create index `ProjectID` on table `auditing_log`
--
ALTER TABLE auditing_log
ADD INDEX ProjectID (ProjectID);

-- 
-- Dumping data for table task_dictionary_data
--
INSERT INTO task_dictionary_data VALUES
(1, 1, 1, 'Task', 1, 1, '2022-03-22 10:43:28', 'Hoàng Hải Đăng', '2022-05-13 15:43:05', 'Hoàng Hải Đăng'),
(2, 1, 2, 'Bug', 1, 2, '2022-03-22 10:43:28', 'Hoàng Hải Đăng', '2022-05-13 15:43:05', 'Hoàng Hải Đăng'),
(3, 1, 3, 'Request', 1, 3, '2022-03-22 10:43:28', 'Hoàng Hải Đăng', '2022-05-13 15:43:05', 'Hoàng Hải Đăng'),
(4, 1, 4, 'Other', 1, 4, '2022-03-22 10:43:28', 'Hoàng Hải Đăng', '2022-05-13 15:43:05', 'Hoàng Hải Đăng'),
(5, 2, 1, 'Low', 1, 1, '2022-03-22 10:45:22', 'Hoàng Hải Đăng', '2022-05-13 15:43:05', 'Hoàng Hải Đăng'),
(6, 2, 2, 'Normal', 1, 2, '2022-03-22 10:45:22', 'Hoàng Hải Đăng', '2022-05-13 15:43:05', 'Hoàng Hải Đăng'),
(7, 2, 3, 'High', 1, 3, '2022-03-22 10:45:22', 'Hoàng Hải Đăng', '2022-05-13 15:43:05', 'Hoàng Hải Đăng'),
(8, 3, 1, 'Pending', 1, 1, '2022-03-22 10:50:27', 'Hoàng Hải Đăng', '2022-05-13 15:43:05', 'Hoàng Hải Đăng'),
(9, 3, 2, 'Completed', 1, 2, '2022-03-22 10:50:27', 'Hoàng Hải Đăng', '2022-05-13 15:43:05', 'Hoàng Hải Đăng'),
(10, 3, 3, 'Completed late', 1, 3, '2022-03-22 10:50:27', 'Hoàng Hải Đăng', '2022-05-13 15:43:05', 'Hoàng Hải Đăng');

-- 
-- Dumping data for table task_dictionary
--
INSERT INTO task_dictionary VALUES
(1, 'Type', 'Kiểu vấn đề', 1, '2022-03-22 09:56:42', 'Hoàng Hải Đăng', NULL, NULL),
(2, 'Priority', 'Mức độ ưu tiên', 1, '2022-03-22 09:57:26', 'Hoàng Hải Đăng', NULL, NULL),
(3, 'State', 'Trạng thái', 1, '2022-03-22 09:58:21', 'Hoàng Hải Đăng', NULL, NULL);

-- 
-- Dumping data for table task
--
INSERT INTO task VALUES
(19, 'Test schedule', 3, 'High', 1, 'Pending', 4, 'Hoàng Hải Đăng (EC0000001)', 4, 'Vũ Minh Hoàng', '2022-07-06 20:56:45', 'Vũ Minh Hoàng', '2022-07-25 13:21:16', 37, 'Phí Hồng Mạnh', '2022-07-06 14:01:00', 'Test schedule', 0, 'TC0000007', '#fa383e', '#bbbbbb', NULL),
(20, 'Test shedule 2', 1, 'Low', 1, 'Pending', 4, 'Hoàng Hải Đăng (EC0000001)', 4, 'Vũ Minh Hoàng', '2022-07-06 21:05:27', 'Hoàng Hải Đăng (EC0000001)', '2022-08-14 18:27:47', 24, 'Vương Văn An', '2022-07-06 21:09:00', '', 30, 'TC0000008', '#bbbbbb', '#bbbbbb', NULL),
(21, 'test schedule crm misa', 3, 'High', 1, 'Pending', 4, 'Hoàng Hải Đăng (EC0000001)', 14, 'Vũ Minh Hoàng', '2022-07-06 21:23:04', 'Vũ Minh Hoàng', '2022-07-06 21:23:04', 14, 'Vũ Minh Hoàng', '2022-07-07 14:29:20', 'test schedule crm misa', 0, 'TC0000009', '#fa383e', '#bbbbbb', NULL),
(22, 'test crm misa', 1, 'Low', 3, 'Completed late', 14, 'Vũ Minh Hoàng (EC0000002)', 14, 'Vũ Minh Hoàng', '2022-07-06 21:38:08', 'Hoàng Hải Đăng (EC0000001)', '2022-08-17 11:56:25', 14, 'Vũ Minh Hoàng', '2022-07-07 14:37:48', 'test crm misa', 100, 'TC0000010', '#bbbbbb', '#fa383e', '2022-08-17 11:56:25'),
(23, 'test datetime', 2, 'Normal', 3, 'Completed late', 4, 'Hoàng Hải Đăng (EC0000001)', 14, 'Vũ Minh Hoàng', '2022-07-06 22:11:29', 'Hoàng Hải Đăng (EC0000001)', '2022-08-17 11:56:21', 14, 'Vũ Minh Hoàng', '2022-07-07 15:04:10', 'test datetime', 100, 'TC0000011', '#01B075', '#fa383e', '2022-08-17 11:56:11'),
(25, 'test datetime 3', 1, 'Low', 3, 'Completed late', 4, 'Hoàng Hải Đăng (EC0000001)', 14, 'Vũ Minh Hoàng', '2022-07-06 22:55:54', 'Hoàng Hải Đăng (EC0000001)', '2022-08-17 11:56:29', 4, 'Hoàng Hải Đăng', '2022-07-14 15:50:55', '', 100, 'TC0000013', '#bbbbbb', '#fa383e', '2022-08-17 11:56:29'),
(26, 'test 1122', 1, 'Low', 3, 'Completed late', 4, 'Hoàng Hải Đăng (EC0000001)', 14, 'Vũ Minh Hoàng', '2022-07-06 23:11:13', 'Hoàng Hải Đăng (EC0000001)', '2022-08-17 11:56:32', 14, 'Vũ Minh Hoàng', '2022-07-14 15:56:35', '', 100, 'TC0000014', '#bbbbbb', '#fa383e', '2022-08-17 11:56:32'),
(27, 'task 6.7.2022', 2, 'Normal', 3, 'Completed late', 4, 'Hoàng Hải Đăng (EC0000001)', 14, 'Vũ Minh Hoàng', '2022-07-06 23:16:12', 'Hoàng Hải Đăng (EC0000001)', '2022-08-17 11:56:35', 4, 'Hoàng Hải Đăng', '2022-07-06 16:15:11', 'task 6.7.2022', 100, 'TC0000015', '#01B075', '#fa383e', '2022-08-17 11:56:35'),
(28, 'dang man', 1, 'Low', 3, 'Completed late', 4, 'Hoàng Hải Đăng (EC0000001)', 14, 'Vũ Minh Hoàng', '2022-07-06 23:23:55', 'Hoàng Hải Đăng (EC0000001)', '2022-08-17 11:56:38', 4, 'Hoàng Hải Đăng', '2022-07-06 23:23:28', 'dang man', 100, 'TC0000016', '#bbbbbb', '#fa383e', '2022-08-17 11:56:38'),
(29, 'anh hoang ', 2, 'Normal', 3, 'Completed late', 4, 'Hoàng Hải Đăng (EC0000001)', 14, 'Vũ Minh Hoàng', '2022-07-06 23:32:28', 'Hoàng Hải Đăng (EC0000001)', '2022-08-17 11:56:41', 4, 'Hoàng Hải Đăng', '2022-07-06 23:35:01', 'anh hoang ', 100, 'TC0000017', '#01B075', '#fa383e', '2022-08-17 11:56:41'),
(30, 'test hoang 2', 1, 'Low', 1, 'Pending', 14, 'Vũ Minh Hoàng (EC0000002)', 14, 'Vũ Minh Hoàng', '2022-07-06 23:36:12', 'Vũ Minh Hoàng', '2022-07-06 23:36:12', 14, 'Vũ Minh Hoàng', '2022-07-06 23:40:45', '', 0, 'TC0000018', '#bbbbbb', '#bbbbbb', NULL),
(31, 'test schedule', 1, 'Low', 1, 'Pending', 14, 'Vũ Minh Hoàng (EC0000002)', 14, 'Vũ Minh Hoàng', '2022-07-06 23:43:41', 'Vũ Minh Hoàng', '2022-07-06 23:43:41', 14, 'Vũ Minh Hoàng', '2022-07-06 23:47:15', '', 0, 'TC0000019', '#bbbbbb', '#bbbbbb', NULL),
(34, 'test signalr', 1, 'Low', 1, 'Pending', 14, 'Vũ Minh Hoàng (EC0000002)', 4, 'Vũ Minh Hoàng', '2022-07-07 00:06:35', 'Vũ Minh Hoàng', '2022-07-07 00:06:35', 14, 'Vũ Minh Hoàng', '2022-07-07 00:09:21', '', 0, 'TC0000022', '#bbbbbb', '#bbbbbb', NULL),
(35, 'test toast signalr', 2, 'Normal', 1, 'Pending', 14, 'Vũ Minh Hoàng (EC0000002)', 14, 'Vũ Minh Hoàng', '2022-07-07 00:28:05', 'Vũ Minh Hoàng', '2022-07-07 00:28:05', 14, 'Vũ Minh Hoàng', '2022-07-07 00:31:43', '', 0, 'TC0000023', '#01B075', '#bbbbbb', NULL),
(36, 'Test task new', 2, 'Normal', 1, 'Pending', 14, 'Vũ Minh Hoàng (EC0000002)', 28, 'Vũ Minh Hoàng', '2022-07-07 10:24:17', 'Vũ Minh Hoàng', '2022-07-07 10:24:17', 14, 'Vũ Minh Hoàng', '2022-07-07 10:28:56', '', 0, 'TC0000024', '#01B075', '#bbbbbb', NULL),
(38, 'Task for phmanh', 1, 'Low', 3, 'Completed late', 37, 'Phí Hồng Mạnh', 14, 'Vũ Minh Hoàng', '2022-07-11 20:33:16', 'Hoàng Hải Đăng (EC0000001)', '2022-08-17 09:03:41', 14, 'Vũ Minh Hoàng', '2022-07-15 03:32:59', '123', 100, 'TC0000026', '#bbbbbb', '#fa383e', '2022-08-17 09:03:41'),
(44, 'Task fix bug client', 1, 'Low', 1, 'Pending', 14, 'Vũ Minh Hoàng (EC0000002)', 28, 'Vũ Minh Hoàng', '2022-07-27 23:45:24', 'Vũ Minh Hoàng', '2022-07-27 23:45:24', 37, 'Phí Hồng Mạnh (EC0000005)', '2022-07-27 16:50:00', '', 0, 'TC0000032', '#bbbbbb', '#bbbbbb', NULL),
(45, 'Task client bug ', 3, 'High', 1, 'Pending', 14, 'Vũ Minh Hoàng (EC0000002)', 26, 'Vũ Minh Hoàng', '2022-07-27 23:53:36', 'Hoàng Hải Đăng', '2022-08-12 00:29:01', 34, 'Nguyễn Thanh Hằng (EC0000004)', '2022-07-28 16:53:07', '', 53, 'TC0000033', '#fa383e', '#bbbbbb', NULL),
(46, 'Task for me', 1, 'Low', 1, 'Pending', 14, 'Vũ Minh Hoàng (EC0000002)', 26, 'Vũ Minh Hoàng', '2022-07-28 00:04:11', 'Vũ Minh Hoàng', '2022-07-28 00:04:11', 24, 'Vương Văn An (EC0000003)', '2022-07-28 17:03:53', '', 0, 'TC0000034', '#bbbbbb', '#bbbbbb', NULL),
(47, 'Task normal', 2, 'Normal', 3, 'Completed late', 4, 'Hoàng Hải Đăng (EC0000001)', 26, 'Vũ Minh Hoàng', '2022-07-28 00:20:49', 'Hoàng Hải Đăng (EC0000001)', '2022-08-16 14:59:51', 34, 'Nguyễn Thanh Hằng (EC0000004)', '2022-07-29 00:20:22', '', 100, 'TC0000035', '#01B075', '#fa383e', '2022-08-16 14:59:51'),
(48, 'Task test signalr 2', 2, 'Normal', 3, 'Completed late', 14, 'Vũ Minh Hoàng (EC0000002)', 26, 'Vũ Minh Hoàng', '2022-07-28 00:21:48', 'Hoàng Hải Đăng (EC0000001)', '2022-08-16 14:59:47', 14, 'Vũ Minh Hoàng (EC0000002)', '2022-07-28 07:25:19', '', 100, 'TC0000036', '#01B075', '#fa383e', '2022-08-16 14:59:47'),
(49, 'Test schedule task', 2, 'Normal', 3, 'Completed late', 4, 'Hoàng Hải Đăng (EC0000001)', 26, 'Hoàng Hải Đăng', '2022-08-11 23:02:26', 'Hoàng Hải Đăng (EC0000001)', '2022-08-16 14:59:41', 14, 'Vũ Minh Hoàn (EC0000002)', '2022-08-11 23:11:42', '', 100, 'TC0000037', '#01B075', '#fa383e', '2022-08-16 14:59:41'),
(52, 'Schedule worker wrong data', 3, 'High', 3, 'Completed late', 4, 'Hoàng Hải Đăng (EC0000001)', 4, 'Hoàng Hải Đăng', '2022-08-11 23:37:37', 'Vũ Minh Hoàn (EC0000002)', '2022-08-15 07:28:13', 37, 'Phí Hồng Mạnh (EC0000005)', '2022-08-12 00:05:36', '', 100, 'TC0000040', '#fa383e', '#fa383e', '2022-08-15 07:28:13'),
(53, 'Bug notification need to fix now ', 2, 'Normal', 2, 'Completed', 34, 'Nguyễn Thanh Hằng (EC0000004)', 26, 'Hoàng Hải Đăng (EC0000001)', '2022-08-14 17:53:16', 'Hoàng Hải Đăng (EC0000001)', '2022-08-16 14:59:36', 14, 'Vũ Minh Hoàn (EC0000002)', '2022-08-16 17:52:25', 'This is a bug in template notificaiton', 100, 'TC0000041', '#01B075', '#01B075', '2022-08-16 14:59:36'),
(56, 'Task assign to Dang', 2, 'Normal', 3, 'Completed late', 4, 'Hoàng Hải Đăng (EC0000001)', 26, 'Hoàng Hải Đăng (EC0000001)', '2022-08-15 01:10:35', 'Hoàng Hải Đăng (EC0000001)', '2022-08-16 14:59:30', 34, 'Nguyễn Thanh Hằng (EC0000004)', '2022-08-15 01:20:13', 'Task assign to Dang', 100, 'TC0000044', '#01B075', '#fa383e', '2022-08-16 14:59:30'),
(57, 'Assigned task for hhdang', 2, 'Normal', 1, 'Pending', 4, 'Hoàng Hải Đăng (EC0000001)', 4, 'Vũ Minh Hoàn (EC0000002)', '2022-08-15 01:48:39', 'Vũ Minh Hoàn (EC0000002)', '2022-08-15 01:48:39', 14, NULL, '2022-08-15 01:57:02', 'Assigned task for hhdang', 30, 'TC0000045', '#01B075', '#bbbbbb', NULL),
(58, 'First task in blockchain project', 2, 'Normal', 1, 'Pending', 14, 'Vũ Minh Hoàng (EC0000002)', 30, 'Vũ Minh Hoàn (EC0000002)', '2022-08-15 07:22:22', 'Vũ Minh Hoàn (EC0000002)', '2022-08-15 07:22:22', 14, NULL, '2022-08-18 07:21:52', 'First task in blockchain project', 20, 'TC0000046', '#01B075', '#bbbbbb', NULL),
(59, 'Test PBI history deal', 2, 'Normal', 2, 'Completed', 42, 'Trần Dung (EC0000008)', 14, 'Hoàng Hải Đăng (EC0000001)', '2022-08-15 15:27:25', 'Hoàng Hải Đăng (EC0000001)', '2022-08-17 09:03:24', 37, 'Phí Hồng Mạnh (EC0000005)', '2022-08-18 15:26:36', 'Test PBI history deal', 100, 'TC0000047', '#01B075', '#01B075', '2022-08-17 09:03:24'),
(60, 'Task for hhdang', 3, 'High', 1, 'Pending', 4, 'Hoàng Hải Đăng (EC0000001)', 28, 'Trần Dung (EC0000008)', '2022-08-15 15:51:49', 'Trần Dung (EC0000008)', '2022-08-15 15:51:49', 42, NULL, '2022-08-15 15:59:20', '', 0, 'TC0000048', '#fa383e', '#bbbbbb', NULL),
(61, 'task test signalr', 1, 'Low', 1, 'Pending', 4, 'Hoàng Hải Đăng (EC0000001)', 28, 'Trần Dung (EC0000008)', '2022-08-15 15:53:05', 'Trần Dung (EC0000008)', '2022-08-15 15:53:05', 42, NULL, '2022-08-26 15:52:48', '', 10, 'TC0000049', '#bbbbbb', '#bbbbbb', NULL),
(62, 'test', 1, 'Low', 1, 'Pending', 4, 'Hoàng Hải Đăng (EC0000001)', 28, 'Trần Dung (EC0000008)', '2022-08-15 15:54:13', 'Trần Dung (EC0000008)', '2022-08-15 15:54:13', 42, NULL, '2022-08-15 15:54:05', '', 30, 'TC0000050', '#bbbbbb', '#bbbbbb', NULL),
(63, 'test', 1, 'Low', 1, 'Pending', 4, 'Hoàng Hải Đăng (EC0000001)', 28, 'Trần Dung (EC0000008)', '2022-08-15 15:54:45', 'Trần Dung (EC0000008)', '2022-08-15 15:54:45', 42, NULL, '2022-08-27 15:54:37', '', 0, 'TC0000051', '#bbbbbb', '#bbbbbb', NULL),
(64, 'test signlar', 2, 'Normal', 1, 'Pending', 4, 'Hoàng Hải Đăng (EC0000001)', 28, 'Trần Dung (EC0000008)', '2022-08-15 15:57:22', 'Trần Dung (EC0000008)', '2022-08-15 15:57:22', 42, NULL, '2022-08-15 15:57:09', '', 0, 'TC0000052', '#01B075', '#bbbbbb', NULL),
(65, 'Tash schedule', 1, 'Low', 1, 'Pending', 4, 'Hoàng Hải Đăng (EC0000001)', 28, 'Trần Dung (EC0000008)', '2022-08-15 16:04:01', 'Trần Dung (EC0000008)', '2022-08-15 16:04:01', 42, NULL, '2022-08-15 16:12:38', '', 0, 'TC0000053', '#bbbbbb', '#bbbbbb', NULL),
(66, 'test signalr', 1, 'Low', 1, 'Pending', 14, 'Vũ Minh Hoàng (EC0000002)', 26, 'Hoàng Hải Đăng (EC0000001)', '2022-08-15 17:01:42', 'Hoàng Hải Đăng (EC0000001)', '2022-08-15 17:01:42', 4, NULL, '2022-08-15 17:01:33', '', 0, 'TC0000054', '#bbbbbb', '#bbbbbb', NULL),
(67, 'high', 2, 'Normal', 1, 'Pending', 34, 'Nguyễn Thanh Hằng (EC0000004)', 26, 'Hoàng Hải Đăng (EC0000001)', '2022-08-15 17:03:56', 'Hoàng Hải Đăng (EC0000001)', '2022-08-15 17:03:56', 4, NULL, '2022-08-15 17:03:47', '', 20, 'TC0000055', '#01B075', '#bbbbbb', NULL),
(69, 'tetst', 1, 'Low', 1, 'Pending', 37, 'Phí Hồng Mạnh (EC0000005)', 26, 'Hoàng Hải Đăng (EC0000001)', '2022-08-15 17:06:59', 'Hoàng Hải Đăng (EC0000001)', '2022-08-15 17:06:59', 4, NULL, '2022-08-15 17:16:44', '', 0, 'TC0000057', '#bbbbbb', '#bbbbbb', NULL),
(70, 'test ', 1, 'Low', 3, 'Completed late', 4, 'Hoàng Hải Đăng (EC0000001)', 26, 'Hoàng Hải Đăng (EC0000001)', '2022-08-15 17:07:22', 'Hoàng Hải Đăng (EC0000001)', '2022-08-16 15:00:27', 4, NULL, '2022-08-15 17:07:14', '', 100, 'TC0000058', '#bbbbbb', '#fa383e', '2022-08-16 15:00:27'),
(71, 'test', 1, 'Low', 3, 'Completed late', 4, 'Hoàng Hải Đăng (EC0000001)', 26, 'Hoàng Hải Đăng (EC0000001)', '2022-08-15 17:08:49', 'Hoàng Hải Đăng (EC0000001)', '2022-08-16 15:00:20', 4, NULL, '2022-08-15 17:17:38', '', 100, 'TC0000059', '#bbbbbb', '#fa383e', '2022-08-16 15:00:20'),
(72, 'test', 1, 'Low', 3, 'Completed late', 4, 'Hoàng Hải Đăng (EC0000001)', 26, 'Hoàng Hải Đăng (EC0000001)', '2022-08-15 17:10:17', 'Hoàng Hải Đăng (EC0000001)', '2022-08-16 15:00:14', 4, NULL, '2022-08-15 17:10:11', '', 100, 'TC0000060', '#bbbbbb', '#fa383e', '2022-08-16 15:00:14'),
(73, 'tst', 2, 'Normal', 3, 'Completed late', 4, 'Hoàng Hải Đăng (EC0000001)', 26, 'Hoàng Hải Đăng (EC0000001)', '2022-08-15 18:01:57', 'Hoàng Hải Đăng (EC0000001)', '2022-08-16 15:00:10', 4, 'Hoàng Hải Đăng (EC0000001)', '2022-08-15 18:01:47', '', 100, 'TC0000061', '#01B075', '#fa383e', '2022-08-16 15:00:10'),
(74, 'tesst', 1, 'Low', 2, 'Completed', 4, 'Hoàng Hải Đăng (EC0000001)', 26, 'Hoàng Hải Đăng (EC0000001)', '2022-08-15 18:05:14', 'Hoàng Hải Đăng (EC0000001)', '2022-08-16 15:00:05', 4, 'Hoàng Hải Đăng (EC0000001)', '2022-08-27 18:05:01', '', 100, 'TC0000062', '#bbbbbb', '#01B075', '2022-08-16 15:00:05'),
(75, 'tset', 1, 'Low', 2, 'Completed', 4, 'Hoàng Hải Đăng (EC0000001)', 26, 'Hoàng Hải Đăng (EC0000001)', '2022-08-15 18:05:37', 'Hoàng Hải Đăng (EC0000001)', '2022-08-16 15:00:01', 4, 'Hoàng Hải Đăng (EC0000001)', '2022-08-17 18:05:26', '', 100, 'TC0000063', '#bbbbbb', '#01B075', '2022-08-16 15:00:01'),
(76, 'First task ', 3, 'High', 1, 'Pending', 4, 'Hoàng Hải Đăng (EC0000001)', 32, 'Hoàng Hải Đăng (EC0000001)', '2022-08-17 08:17:44', 'Hoàng Hải Đăng (EC0000001)', '2022-08-17 08:17:44', 39, 'Nguyễn Hoàng Anh (EC0000007)', '2022-08-17 08:17:17', '', 0, 'TC0000064', '#fa383e', '#bbbbbb', NULL),
(77, 'Task for new member', 3, 'High', 1, 'Pending', 39, 'Nguyễn Hoàng Anh (EC0000007)', 26, 'Hoàng Hải Đăng (EC0000001)', '2022-08-17 08:58:44', 'Hoàng Hải Đăng (EC0000001)', '2022-08-17 08:58:44', 4, 'Hoàng Hải Đăng (EC0000001)', '2022-08-20 08:58:20', '', 40, 'TC0000065', '#fa383e', '#bbbbbb', NULL),
(78, 'test report', 2, 'Normal', 1, 'Pending', 37, 'Phí Hồng Mạnh (EC0000005)', 26, 'Hoàng Hải Đăng (EC0000001)', '2022-08-17 09:02:24', 'Hoàng Hải Đăng (EC0000001)', '2022-08-17 09:02:24', 14, 'Vũ Minh Hoàn (EC0000002)', '2022-08-18 09:02:00', '', 30, 'TC0000066', '#01B075', '#bbbbbb', NULL),
(79, 'Task for nha', 2, 'Normal', 2, 'Completed', 39, 'Nguyễn Hoàng Anh (EC0000007)', 14, 'Hoàng Hải Đăng (EC0000001)', '2022-08-17 09:04:04', 'Hoàng Hải Đăng (EC0000001)', '2022-08-17 09:32:22', 4, 'Hoàng Hải Đăng (EC0000001)', '2022-08-18 09:03:42', '', 100, 'TC0000067', '#01B075', '#01B075', '2022-08-17 09:32:22'),
(80, 'Task for ttdung', 1, 'Low', 2, 'Completed', 42, 'Trần Dung (EC0000008)', 14, 'Hoàng Hải Đăng (EC0000001)', '2022-08-17 09:04:21', 'Hoàng Hải Đăng (EC0000001)', '2022-08-17 09:32:17', 4, 'Hoàng Hải Đăng (EC0000001)', '2022-08-19 09:04:05', '', 100, 'TC0000068', '#bbbbbb', '#01B075', '2022-08-17 09:32:17'),
(81, 'Test add task', 2, 'Normal', 1, 'Pending', 37, 'Phí Hồng Mạnh (EC0000005)', 14, 'Trần Dung (EC0000008)', '2022-08-17 21:24:20', 'Trần Dung (EC0000008)', '2022-08-17 21:24:20', 14, 'Vũ Minh Hoàn (EC0000002)', '2022-08-19 21:23:51', '', 0, 'TC0000069', '#01B075', '#bbbbbb', NULL),
(82, 'Test schedule task', 2, 'Normal', 1, 'Pending', 4, 'Hoàng Hải Đăng (EC0000001)', 14, 'Trần Dung (EC0000008)', '2022-08-17 21:30:54', 'Trần Dung (EC0000008)', '2022-08-17 21:30:54', 42, 'Trần Dung (EC0000008)', '2022-08-17 21:40:34', '', 0, 'TC0000070', '#01B075', '#bbbbbb', NULL),
(83, 'test chedule task', 1, 'Low', 1, 'Pending', 4, 'Hoàng Hải Đăng (EC0000001)', 14, 'Trần Dung (EC0000008)', '2022-08-17 21:32:47', 'Trần Dung (EC0000008)', '2022-08-17 21:32:47', 42, 'Trần Dung (EC0000008)', '2022-08-17 21:42:11', '', 0, 'TC0000071', '#bbbbbb', '#bbbbbb', NULL),
(84, 'Test schedule', 1, 'Low', 1, 'Pending', 4, 'Hoàng Hải Đăng (EC0000001)', 14, 'Trần Dung (EC0000008)', '2022-08-17 21:41:44', 'Trần Dung (EC0000008)', '2022-08-17 21:41:44', 42, 'Trần Dung (EC0000008)', '2022-08-17 21:51:30', '', 0, 'TC0000072', '#bbbbbb', '#bbbbbb', NULL);

-- 
-- Dumping data for table sequence
--
INSERT INTO sequence VALUES
(1, 'TaskCode', 'TC', 7, 72, '2022-06-25 23:54:45', 'admin', '2022-06-25 23:54:45', 'admin'),
(2, 'EmployeeCode', 'EC', 7, 10, '2022-07-11 22:28:48', 'admin', '2022-07-11 22:28:48', 'admin');

-- 
-- Dumping data for table schedule
--
INSERT INTO schedule VALUES
(2, 19, 0, '2022-07-06 20:56:45', 'Vũ Minh Hoàng', '2022-07-06 20:56:45', 'Vũ Minh Hoàng', NULL),
(3, 20, 0, '2022-07-06 21:05:27', 'Vũ Minh Hoàng', '2022-07-06 21:05:27', 'Vũ Minh Hoàng', NULL),
(4, 21, 0, '2022-07-06 21:23:04', 'Vũ Minh Hoàng', '2022-07-06 21:23:04', 'Vũ Minh Hoàng', NULL),
(5, 22, 0, '2022-07-06 21:38:08', 'Vũ Minh Hoàng', '2022-07-06 21:38:08', 'Vũ Minh Hoàng', NULL),
(6, 23, 0, '2022-07-06 22:11:29', 'Vũ Minh Hoàng', '2022-07-06 22:11:29', 'Vũ Minh Hoàng', NULL),
(7, 24, 0, '2022-07-06 22:47:50', 'Vũ Minh Hoàng', '2022-07-06 22:47:50', 'Vũ Minh Hoàng', NULL),
(8, 25, 0, '2022-07-06 22:55:54', 'Vũ Minh Hoàng', '2022-07-06 22:55:54', 'Vũ Minh Hoàng', NULL),
(9, 26, 0, '2022-07-06 23:11:13', 'Vũ Minh Hoàng', '2022-07-06 23:11:13', 'Vũ Minh Hoàng', NULL),
(10, 27, 0, '2022-07-06 23:16:12', 'Vũ Minh Hoàng', '2022-07-06 23:16:12', 'Vũ Minh Hoàng', NULL),
(11, 28, 0, '2022-07-06 23:23:55', 'Vũ Minh Hoàng', '2022-07-06 23:23:55', 'Vũ Minh Hoàng', NULL),
(12, 29, 0, '2022-07-06 23:32:28', 'Vũ Minh Hoàng', '2022-07-06 23:32:28', 'Vũ Minh Hoàng', NULL),
(13, 30, 0, '2022-07-06 23:36:12', 'Vũ Minh Hoàng', '2022-07-06 23:36:12', 'Vũ Minh Hoàng', NULL),
(14, 31, 0, '2022-07-06 23:43:41', 'Vũ Minh Hoàng', '2022-07-06 23:43:41', 'Vũ Minh Hoàng', NULL),
(17, 34, 0, '2022-07-07 00:06:35', 'Vũ Minh Hoàng', '2022-07-07 00:06:35', 'Vũ Minh Hoàng', NULL),
(18, 35, 0, '2022-07-07 00:28:05', 'Vũ Minh Hoàng', '2022-07-07 00:28:05', 'Vũ Minh Hoàng', NULL),
(19, 36, 0, '2022-07-07 10:24:17', 'Vũ Minh Hoàng', '2022-07-07 10:24:17', 'Vũ Minh Hoàng', NULL),
(25, 46, 0, '2022-07-28 00:04:11', 'Vũ Minh Hoàng', '2022-07-28 00:04:11', 'Vũ Minh Hoàng', 26),
(26, 47, 0, '2022-07-28 00:20:52', 'Vũ Minh Hoàng', '2022-07-28 00:20:52', 'Vũ Minh Hoàng', 26),
(27, 48, 0, '2022-07-28 00:21:48', 'Vũ Minh Hoàng', '2022-07-28 00:21:48', 'Vũ Minh Hoàng', 26),
(28, 49, 0, '2022-08-11 23:02:26', 'Hoàng Hải Đăng', '2022-08-11 23:02:26', 'Hoàng Hải Đăng', 26),
(31, 52, 0, '2022-08-11 23:37:37', 'Hoàng Hải Đăng', '2022-08-11 23:37:37', 'Hoàng Hải Đăng', 4),
(32, 53, 0, '2022-08-14 17:53:16', 'Hoàng Hải Đăng (EC0000001)', '2022-08-14 17:53:16', 'Hoàng Hải Đăng (EC0000001)', 26),
(33, 54, 0, '2022-08-14 18:37:26', 'Hoàng Hải Đăng (EC0000001)', '2022-08-14 18:37:26', 'Hoàng Hải Đăng (EC0000001)', 14),
(37, 58, 0, '2022-08-15 07:22:22', 'Vũ Minh Hoàn (EC0000002)', '2022-08-15 07:22:22', 'Vũ Minh Hoàn (EC0000002)', 30),
(38, 59, 0, '2022-08-15 15:27:25', 'Hoàng Hải Đăng (EC0000001)', '2022-08-15 15:27:25', 'Hoàng Hải Đăng (EC0000001)', 14),
(40, 61, 0, '2022-08-15 15:53:05', 'Trần Dung (EC0000008)', '2022-08-15 15:53:05', 'Trần Dung (EC0000008)', 28),
(41, 62, 0, '2022-08-15 15:54:13', 'Trần Dung (EC0000008)', '2022-08-15 15:54:13', 'Trần Dung (EC0000008)', 28),
(42, 63, 0, '2022-08-15 15:54:45', 'Trần Dung (EC0000008)', '2022-08-15 15:54:45', 'Trần Dung (EC0000008)', 28),
(43, 64, 0, '2022-08-15 15:57:22', 'Trần Dung (EC0000008)', '2022-08-15 15:57:22', 'Trần Dung (EC0000008)', 28),
(45, 66, 0, '2022-08-15 17:01:42', 'Hoàng Hải Đăng (EC0000001)', '2022-08-15 17:01:42', 'Hoàng Hải Đăng (EC0000001)', 26),
(46, 67, 0, '2022-08-15 17:03:56', 'Hoàng Hải Đăng (EC0000001)', '2022-08-15 17:03:56', 'Hoàng Hải Đăng (EC0000001)', 26),
(47, 68, 0, '2022-08-15 17:06:42', 'Hoàng Hải Đăng (EC0000001)', '2022-08-15 17:06:42', 'Hoàng Hải Đăng (EC0000001)', 26),
(49, 70, 0, '2022-08-15 17:07:22', 'Hoàng Hải Đăng (EC0000001)', '2022-08-15 17:07:22', 'Hoàng Hải Đăng (EC0000001)', 26),
(51, 72, 0, '2022-08-15 17:10:17', 'Hoàng Hải Đăng (EC0000001)', '2022-08-15 17:10:17', 'Hoàng Hải Đăng (EC0000001)', 26),
(52, 73, 0, '2022-08-15 18:01:57', 'Hoàng Hải Đăng (EC0000001)', '2022-08-15 18:01:57', 'Hoàng Hải Đăng (EC0000001)', 26),
(53, 74, 0, '2022-08-15 18:05:14', 'Hoàng Hải Đăng (EC0000001)', '2022-08-15 18:05:14', 'Hoàng Hải Đăng (EC0000001)', 26),
(54, 75, 0, '2022-08-15 18:05:37', 'Hoàng Hải Đăng (EC0000001)', '2022-08-15 18:05:37', 'Hoàng Hải Đăng (EC0000001)', 26),
(55, 76, 0, '2022-08-17 08:17:44', 'Hoàng Hải Đăng (EC0000001)', '2022-08-17 08:17:44', 'Hoàng Hải Đăng (EC0000001)', 32),
(56, 77, 0, '2022-08-17 08:58:44', 'Hoàng Hải Đăng (EC0000001)', '2022-08-17 08:58:44', 'Hoàng Hải Đăng (EC0000001)', 26),
(57, 78, 0, '2022-08-17 09:02:24', 'Hoàng Hải Đăng (EC0000001)', '2022-08-17 09:02:24', 'Hoàng Hải Đăng (EC0000001)', 26),
(58, 79, 0, '2022-08-17 09:04:04', 'Hoàng Hải Đăng (EC0000001)', '2022-08-17 09:04:04', 'Hoàng Hải Đăng (EC0000001)', 14),
(59, 80, 0, '2022-08-17 09:04:21', 'Hoàng Hải Đăng (EC0000001)', '2022-08-17 09:04:21', 'Hoàng Hải Đăng (EC0000001)', 14),
(60, 81, 0, '2022-08-17 21:24:20', 'Trần Dung (EC0000008)', '2022-08-17 21:24:20', 'Trần Dung (EC0000008)', 14);

-- 
-- Dumping data for table role_permission
--
INSERT INTO role_permission VALUES
(1, 1, 63, '2022-05-24 15:35:29', 'admin', '2022-05-24 15:35:29', 'admin', 'Project'),
(2, 1, 63, '2022-05-24 15:35:29', 'admin', '2022-05-24 15:35:29', 'admin', 'Member'),
(3, 1, 63, '2022-05-24 15:35:29', 'admin', '2022-05-24 15:35:29', 'admin', 'Task'),
(4, 2, 1, '2022-05-24 15:36:56', 'admin', '2022-05-24 15:36:56', 'admin', 'Project'),
(5, 2, 1, '2022-05-24 15:36:56', 'admin', '2022-05-24 15:36:56', 'admin', 'Member'),
(6, 2, 15, '2022-05-24 15:36:56', 'admin', '2022-05-24 15:36:56', 'admin', 'Task'),
(7, 3, 1, '2022-05-24 15:38:55', 'admin', '2022-05-24 15:38:55', 'admin', 'Project'),
(8, 3, 1, '2022-05-24 15:38:55', 'admin', '2022-05-24 15:38:55', 'admin', 'Member'),
(9, 3, 7, '2022-05-24 15:38:55', 'admin', '2022-05-24 15:38:55', 'admin', 'Task');

-- 
-- Dumping data for table role
--
INSERT INTO role VALUES
(1, 'Admin', 'Quản trị hệ thống có toàn quyền trong hệ thống', '2022-05-24 14:39:04', 'admin', '2022-05-24 14:39:04', 'admin'),
(2, 'Member', 'Nhân viên có 1 số quyền cơ bản', '2022-05-24 14:39:04', 'admin', '2022-05-24 14:39:04', 'admin'),
(3, 'Guest', 'Khách hàng có sử dụng hệ thống', '2022-05-24 14:39:04', 'admin', '2022-05-24 14:39:04', 'admin');

-- 
-- Dumping data for table project
--
INSERT INTO project VALUES
(4, 'Project Test 1', 'PRT_12321', '2022-08-10 21:08:51', 'Vũ Minh Hoàng', '2022-04-23 10:30:13', 'Hoàng Hải Đăng', 4),
(14, 'CRM MISA', 'CRM_522', '2022-08-10 22:34:06', 'Vũ Minh Hoàng', '2022-04-24 11:17:11', 'Hoàng Hải Đăng', 4),
(25, 'Meinvoice', 'mic_542', '2022-06-24 21:00:43', 'Vũ Minh Hoàng', '2022-06-24 21:00:43', 'Vũ Minh Hoàng', 14),
(26, 'Task Management', 'tm_252', '2022-06-24 21:13:09', 'Vũ Minh Hoàng', '2022-06-24 21:13:09', 'Vũ Minh Hoàng', 14),
(28, 'HTTT', 'HTTT_123', '2022-07-07 10:23:48', 'Vũ Minh Hoàng', '2022-07-07 10:23:48', 'Vũ Minh Hoàng', 14),
(30, 'Blockchain', 'CRM_52234', '2022-08-15 07:15:18', 'Vũ Minh Hoàn (EC0000002)', '2022-08-15 07:12:21', 'Vũ Minh Hoàn (EC0000002)', NULL),
(31, 'Task management', 'TM_123', '2022-08-15 16:00:16', 'Trần Dung (EC0000008)', '2022-08-15 16:00:16', 'Trần Dung (EC0000008)', NULL),
(32, 'Project HRM', 'HRM_566', '2022-08-17 08:16:56', 'Hoàng Hải Đăng (EC0000001)', '2022-08-17 08:16:56', 'Hoàng Hải Đăng (EC0000001)', NULL),
(33, 'CRM KH', 'CRM_5224', '2022-08-17 21:17:12', 'Nguyễn Huy Hoàng (EC0000010)', '2022-08-17 21:17:12', 'Nguyễn Huy Hoàng (EC0000010)', NULL);

-- 
-- Dumping data for table notification
--
INSERT INTO notification VALUES
(2, 14, NULL, 'Project', NULL, '', 'Vũ Minh Hoàng added a new project "Task Management"', '2022-06-24 21:13:24', 'Vũ Minh Hoàng', '2022-06-24 21:13:24', 'Vũ Minh Hoàng', 26),
(6, 14, NULL, 'Task', 'CREATE_TASK', '', 'Vũ Minh Hoàng added a new task', '2022-06-26 15:45:34', 'Vũ Minh Hoàng', '2022-06-26 15:45:34', 'Vũ Minh Hoàng', 26),
(8, 14, NULL, 'Task', 'CREATE_TASK', '', 'Vũ Minh Hoàng added a new task "TC0000007"', '2022-07-06 20:56:45', 'Vũ Minh Hoàng', '2022-07-06 20:56:45', 'Vũ Minh Hoàng', 4),
(9, 14, NULL, 'Task', 'CREATE_TASK', '', 'Vũ Minh Hoàng added a new task "TC0000008"', '2022-07-06 21:05:27', 'Vũ Minh Hoàng', '2022-07-06 21:05:27', 'Vũ Minh Hoàng', 4),
(10, 14, NULL, 'Task', 'CREATE_TASK', '', 'Vũ Minh Hoàng added a new task "TC0000009"', '2022-07-06 21:23:04', 'Vũ Minh Hoàng', '2022-07-06 21:23:04', 'Vũ Minh Hoàng', 14),
(11, 14, NULL, 'Task', 'CREATE_TASK', '', 'Vũ Minh Hoàng added a new task "TC0000010"', '2022-07-06 21:38:08', 'Vũ Minh Hoàng', '2022-07-06 21:38:08', 'Vũ Minh Hoàng', 14),
(12, 14, NULL, 'Task', 'CREATE_TASK', '', 'Vũ Minh Hoàng added a new task "TC0000011"', '2022-07-06 22:11:29', 'Vũ Minh Hoàng', '2022-07-06 22:11:29', 'Vũ Minh Hoàng', 14),
(13, 14, NULL, 'Task', 'CREATE_TASK', '', 'Vũ Minh Hoàng added a new task "TC0000012"', '2022-07-06 22:47:50', 'Vũ Minh Hoàng', '2022-07-06 22:47:50', 'Vũ Minh Hoàng', 4),
(14, 14, NULL, 'Task', 'CREATE_TASK', '', 'Vũ Minh Hoàng added a new task "TC0000013"', '2022-07-06 22:55:54', 'Vũ Minh Hoàng', '2022-07-06 22:55:54', 'Vũ Minh Hoàng', 14),
(15, 14, NULL, 'Task', 'CREATE_TASK', '', 'Vũ Minh Hoàng added a new task "TC0000014"', '2022-07-06 23:11:13', 'Vũ Minh Hoàng', '2022-07-06 23:11:13', 'Vũ Minh Hoàng', 14),
(16, 14, NULL, 'Task', 'CREATE_TASK', '', 'Vũ Minh Hoàng added a new task "TC0000015"', '2022-07-06 23:16:12', 'Vũ Minh Hoàng', '2022-07-06 23:16:12', 'Vũ Minh Hoàng', 14),
(17, 14, NULL, 'Task', 'CREATE_TASK', '', 'Vũ Minh Hoàng added a new task "TC0000016"', '2022-07-06 23:23:55', 'Vũ Minh Hoàng', '2022-07-06 23:23:55', 'Vũ Minh Hoàng', 14),
(18, 14, NULL, 'Task', 'CREATE_TASK', '', 'Vũ Minh Hoàng added a new task "TC0000017"', '2022-07-06 23:32:28', 'Vũ Minh Hoàng', '2022-07-06 23:32:28', 'Vũ Minh Hoàng', 14),
(19, 14, NULL, 'Task', 'CREATE_TASK', '', 'Vũ Minh Hoàng added a new task "TC0000018"', '2022-07-06 23:36:12', 'Vũ Minh Hoàng', '2022-07-06 23:36:12', 'Vũ Minh Hoàng', 14),
(20, 14, NULL, 'Task', 'CREATE_TASK', '', 'Vũ Minh Hoàng added a new task "TC0000019"', '2022-07-06 23:43:41', 'Vũ Minh Hoàng', '2022-07-06 23:43:41', 'Vũ Minh Hoàng', 14),
(21, 14, NULL, 'Task', 'CREATE_TASK', '', 'Vũ Minh Hoàng added a new task "TC0000020"', '2022-07-06 23:50:13', 'Vũ Minh Hoàng', '2022-07-06 23:50:13', 'Vũ Minh Hoàng', 14),
(22, 14, NULL, 'Task', 'CREATE_TASK', '', 'Vũ Minh Hoàng added a new task "TC0000021"', '2022-07-07 00:00:29', 'Vũ Minh Hoàng', '2022-07-07 00:00:29', 'Vũ Minh Hoàng', 14),
(23, 14, NULL, 'Task', 'CREATE_TASK', '', 'Vũ Minh Hoàng added a new task "TC0000022"', '2022-07-07 00:06:35', 'Vũ Minh Hoàng', '2022-07-07 00:06:35', 'Vũ Minh Hoàng', 4),
(24, 14, NULL, 'Task', 'CREATE_TASK', '', 'Vũ Minh Hoàng added a new task "TC0000023"', '2022-07-07 00:28:05', 'Vũ Minh Hoàng', '2022-07-07 00:28:05', 'Vũ Minh Hoàng', 14),
(25, 14, NULL, 'Project', NULL, '', 'Vũ Minh Hoàng added a new project "HTTT"', '2022-07-07 10:23:48', 'Vũ Minh Hoàng', '2022-07-07 10:23:48', 'Vũ Minh Hoàng', 28),
(26, 14, NULL, 'Task', 'CREATE_TASK', '', 'Vũ Minh Hoàng added a new task "TC0000024"', '2022-07-07 10:24:17', 'Vũ Minh Hoàng', '2022-07-07 10:24:17', 'Vũ Minh Hoàng', 28),
(29, 4, NULL, 'Task', 'CREATE_TASK', '', 'Hoàng Hải Đăng added a new task "TC0000029"', '2022-07-14 23:54:20', 'Hoàng Hải Đăng', '2022-07-14 23:54:20', 'Hoàng Hải Đăng', 14),
(30, 4, NULL, 'Task', 'CREATE_TASK', '', 'Hoàng Hải Đăng added a new task "TC0000030"', '2022-07-15 00:01:41', 'Hoàng Hải Đăng', '2022-07-15 00:01:41', 'Hoàng Hải Đăng', 14),
(31, 4, NULL, 'Task', 'CREATE_TASK', '', 'Hoàng Hải Đăng added a new task "TC0000031"', '2022-07-15 00:03:20', 'Hoàng Hải Đăng', '2022-07-15 00:03:20', 'Hoàng Hải Đăng', 14),
(32, 14, NULL, 'Task', 'CREATE_TASK', '', 'Vũ Minh Hoàng added a new task "TC0000032"', '2022-07-27 23:45:24', 'Vũ Minh Hoàng', '2022-07-27 23:45:24', 'Vũ Minh Hoàng', 28),
(33, 14, NULL, 'Task', 'CREATE_TASK', '', 'Vũ Minh Hoàng added a new task "TC0000033"', '2022-07-27 23:54:37', 'Vũ Minh Hoàng', '2022-07-27 23:54:37', 'Vũ Minh Hoàng', 26),
(34, 14, NULL, 'Task', 'CREATE_TASK', '', 'Vũ Minh Hoàng added a new task "TC0000034"', '2022-07-28 00:04:11', 'Vũ Minh Hoàng', '2022-07-28 00:04:11', 'Vũ Minh Hoàng', 26),
(35, 14, NULL, 'Task', 'CREATE_TASK', '', 'Vũ Minh Hoàng added a new task "TC0000035"', '2022-07-28 00:20:52', 'Vũ Minh Hoàng', '2022-07-28 00:20:52', 'Vũ Minh Hoàng', 26),
(36, 14, NULL, 'Task', 'CREATE_TASK', '', 'Vũ Minh Hoàng added a new task "TC0000036"', '2022-07-28 00:21:48', 'Vũ Minh Hoàng', '2022-07-28 00:21:48', 'Vũ Minh Hoàng', 26),
(37, NULL, 14, 'RemindTask', 'REMIND_WORK', '', 'You have a task <span class="bold">TC0000036</span> need to be done in 3 minutes!', '2022-07-28 00:29:20', 'Schedule Worker', '2022-07-28 00:29:20', 'Schedule Worker', 26),
(38, 4, NULL, 'Task', 'CREATE_TASK', '', 'Hoàng Hải Đăng added a new <span class=\\"bold\\"> task "TC0000037"<\\span>', '2022-08-11 23:02:26', 'Hoàng Hải Đăng', '2022-08-11 23:02:26', 'Hoàng Hải Đăng', 26),
(39, 4, NULL, 'Task', 'CREATE_TASK', '', 'Hoàng Hải Đăng added a new <span class=\\"bold\\"> task "TC0000038"<\\span>', '2022-08-11 23:18:11', 'Hoàng Hải Đăng', '2022-08-11 23:18:11', 'Hoàng Hải Đăng', 14),
(40, 4, NULL, 'Task', 'CREATE_TASK', '', 'Hoàng Hải Đăng added a new <span class=\\"bold\\"> task "TC0000039"<\\span>', '2022-08-11 23:22:13', 'Hoàng Hải Đăng', '2022-08-11 23:22:13', 'Hoàng Hải Đăng', 14),
(41, 4, NULL, 'Task', 'CREATE_TASK', '', 'Hoàng Hải Đăng added a new <span class=\\"bold\\"> task "TC0000040"<\\span>', '2022-08-11 23:37:37', 'Hoàng Hải Đăng', '2022-08-11 23:37:37', 'Hoàng Hải Đăng', 4),
(42, 4, NULL, 'Task', 'CREATE_TASK', '', 'Hoàng Hải Đăng (EC0000001) added a new <span class=\\"bold\\"> task "TC0000041"</span>', '2022-08-14 17:53:16', 'Hoàng Hải Đăng (EC0000001)', '2022-08-14 17:53:16', 'Hoàng Hải Đăng (EC0000001)', 26),
(43, 4, NULL, 'Task', 'CREATE_TASK', '', 'Hoàng Hải Đăng (EC0000001) added a new  task <b>TC0000042</b>', '2022-08-14 18:37:26', 'Hoàng Hải Đăng (EC0000001)', '2022-08-14 18:37:26', 'Hoàng Hải Đăng (EC0000001)', 14),
(44, 4, NULL, 'Project', 'CREATE_TASK', '', 'Hoàng Hải Đăng (EC0000001) added a new  project <b>Software Technoloty</b>', '2022-08-14 21:58:14', 'Hoàng Hải Đăng (EC0000001)', '2022-08-14 21:58:14', 'Hoàng Hải Đăng (EC0000001)', 29),
(45, 4, NULL, 'Task', 'CREATE_TASK', '', '<b>Hoàng Hải Đăng (EC0000001)</b> added a new  task <b>TC0000043</b>', '2022-08-15 00:20:40', 'Hoàng Hải Đăng (EC0000001)', '2022-08-15 00:20:40', 'Hoàng Hải Đăng (EC0000001)', 14),
(46, NULL, 4, 'RemindTask', 'REMIND_WORK', '', 'You have a task <b>TC0000043</b> need to be done in 9 minutes!', '2022-08-15 00:21:02', 'Schedule Worker', '2022-08-15 00:21:02', 'Schedule Worker', 14),
(47, 4, NULL, 'Task', 'CREATE_TASK', '', '<b>Hoàng Hải Đăng (EC0000001)</b> added a new  task <b>TC0000044</b>', '2022-08-15 01:10:35', 'Hoàng Hải Đăng (EC0000001)', '2022-08-15 01:10:35', 'Hoàng Hải Đăng (EC0000001)', 26),
(48, NULL, 4, 'RemindTask', 'REMIND_WORK', '', 'You have a task <b>TC0000044</b> need to be done in 10 minutes!', '2022-08-15 01:10:40', 'Schedule Worker', '2022-08-15 01:10:40', 'Schedule Worker', 26),
(49, 14, NULL, 'Task', 'CREATE_TASK', '', '<b>Vũ Minh Hoàn (EC0000002)</b> added a new  task <b>TC0000045</b>', '2022-08-15 01:48:39', 'Vũ Minh Hoàn (EC0000002)', '2022-08-15 01:48:39', 'Vũ Minh Hoàn (EC0000002)', 4),
(50, NULL, 4, 'RemindTask', 'REMIND_WORK', '', 'You have a task <b>TC0000045</b> need to be done in 9 minutes!', '2022-08-15 01:48:40', 'Schedule Worker', '2022-08-15 01:48:40', 'Schedule Worker', 4),
(51, 14, NULL, 'Project', 'CREATE_PROJECT', '', '<b>Vũ Minh Hoàn (EC0000002)</b> added a new  project <b>Blockchain</b>', '2022-08-15 07:12:21', 'Vũ Minh Hoàn (EC0000002)', '2022-08-15 07:12:21', 'Vũ Minh Hoàn (EC0000002)', 30),
(52, 14, NULL, 'Task', 'CREATE_TASK', '', '<b>Vũ Minh Hoàn (EC0000002)</b> added a new  task <b>TC0000046</b>', '2022-08-15 07:22:22', 'Vũ Minh Hoàn (EC0000002)', '2022-08-15 07:22:22', 'Vũ Minh Hoàn (EC0000002)', 30),
(53, 4, NULL, 'Task', 'CREATE_TASK', '', '<b>Hoàng Hải Đăng (EC0000001)</b> added a new  task <b>TC0000047</b>', '2022-08-15 15:27:25', 'Hoàng Hải Đăng (EC0000001)', '2022-08-15 15:27:25', 'Hoàng Hải Đăng (EC0000001)', 14),
(54, 42, NULL, 'Task', 'CREATE_TASK', '', '<b>Trần Dung (EC0000008)</b> added a new  task <b>TC0000048</b>', '2022-08-15 15:51:49', 'Trần Dung (EC0000008)', '2022-08-15 15:51:49', 'Trần Dung (EC0000008)', 28),
(55, NULL, 4, 'RemindTask', 'REMIND_WORK', '', 'You have a task <b>TC0000048</b> need to be done in 7 minutes!', '2022-08-15 15:52:00', 'Schedule Worker', '2022-08-15 15:52:00', 'Schedule Worker', 28),
(56, 42, NULL, 'Task', 'CREATE_TASK', '', '<b>Trần Dung (EC0000008)</b> added a new  task <b>TC0000049</b>', '2022-08-15 15:53:05', 'Trần Dung (EC0000008)', '2022-08-15 15:53:05', 'Trần Dung (EC0000008)', 28),
(57, 42, NULL, 'Task', 'CREATE_TASK', '', '<b>Trần Dung (EC0000008)</b> added a new  task <b>TC0000050</b>', '2022-08-15 15:54:13', 'Trần Dung (EC0000008)', '2022-08-15 15:54:13', 'Trần Dung (EC0000008)', 28),
(58, 42, NULL, 'Task', 'CREATE_TASK', '', '<b>Trần Dung (EC0000008)</b> added a new  task <b>TC0000051</b>', '2022-08-15 15:54:45', 'Trần Dung (EC0000008)', '2022-08-15 15:54:45', 'Trần Dung (EC0000008)', 28),
(59, 42, NULL, 'Task', 'CREATE_TASK', '', '<b>Trần Dung (EC0000008)</b> added a new  task <b>TC0000052</b>', '2022-08-15 15:57:22', 'Trần Dung (EC0000008)', '2022-08-15 15:57:22', 'Trần Dung (EC0000008)', 28),
(60, 42, NULL, 'Project', 'CREATE_PROJECT', '', '<b>Trần Dung (EC0000008)</b> added a new  project <b>Task management</b>', '2022-08-15 16:00:16', 'Trần Dung (EC0000008)', '2022-08-15 16:00:16', 'Trần Dung (EC0000008)', 31),
(61, 42, NULL, 'Task', 'CREATE_TASK', '', '<b>Trần Dung (EC0000008)</b> added a new  task <b>TC0000053</b>', '2022-08-15 16:04:01', 'Trần Dung (EC0000008)', '2022-08-15 16:04:01', 'Trần Dung (EC0000008)', 28),
(62, NULL, 4, 'RemindTask', 'REMIND_WORK', '', 'You have a task <b>TC0000053</b> need to be done in 8 minutes!', '2022-08-15 16:04:20', 'Schedule Worker', '2022-08-15 16:04:20', 'Schedule Worker', 28),
(63, 4, NULL, 'Task', 'CREATE_TASK', '', '<b>Hoàng Hải Đăng (EC0000001)</b> added a new  task <b>TC0000054</b>', '2022-08-15 17:01:42', 'Hoàng Hải Đăng (EC0000001)', '2022-08-15 17:01:42', 'Hoàng Hải Đăng (EC0000001)', 26),
(64, 4, NULL, 'Task', 'CREATE_TASK', '', '<b>Hoàng Hải Đăng (EC0000001)</b> added a new  task <b>TC0000055</b>', '2022-08-15 17:03:56', 'Hoàng Hải Đăng (EC0000001)', '2022-08-15 17:03:56', 'Hoàng Hải Đăng (EC0000001)', 26),
(65, 4, NULL, 'Task', 'CREATE_TASK', '', '<b>Hoàng Hải Đăng (EC0000001)</b> added a new  task <b>TC0000056</b>', '2022-08-15 17:06:42', 'Hoàng Hải Đăng (EC0000001)', '2022-08-15 17:06:42', 'Hoàng Hải Đăng (EC0000001)', 26),
(66, 4, NULL, 'Task', 'CREATE_TASK', '', '<b>Hoàng Hải Đăng (EC0000001)</b> added a new  task <b>TC0000057</b>', '2022-08-15 17:06:59', 'Hoàng Hải Đăng (EC0000001)', '2022-08-15 17:06:59', 'Hoàng Hải Đăng (EC0000001)', 26),
(67, NULL, 37, 'RemindTask', 'REMIND_WORK', '', 'You have a task <b>TC0000057</b> need to be done in 9 minutes!', '2022-08-15 17:07:00', 'Schedule Worker', '2022-08-15 17:07:00', 'Schedule Worker', 26),
(68, 4, NULL, 'Task', 'CREATE_TASK', '', '<b>Hoàng Hải Đăng (EC0000001)</b> added a new  task <b>TC0000058</b>', '2022-08-15 17:07:22', 'Hoàng Hải Đăng (EC0000001)', '2022-08-15 17:07:22', 'Hoàng Hải Đăng (EC0000001)', 26),
(69, 4, NULL, 'Task', 'CREATE_TASK', '', '<b>Hoàng Hải Đăng (EC0000001)</b> added a new  task <b>TC0000059</b>', '2022-08-15 17:08:49', 'Hoàng Hải Đăng (EC0000001)', '2022-08-15 17:08:49', 'Hoàng Hải Đăng (EC0000001)', 26),
(70, NULL, 4, 'RemindTask', 'REMIND_WORK', '', 'You have a task <b>TC0000059</b> need to be done in 8 minutes!', '2022-08-15 17:09:00', 'Schedule Worker', '2022-08-15 17:09:00', 'Schedule Worker', 26),
(71, 4, NULL, 'Task', 'CREATE_TASK', '', '<b>Hoàng Hải Đăng (EC0000001)</b> added a new  task <b>TC0000060</b>', '2022-08-15 17:10:17', 'Hoàng Hải Đăng (EC0000001)', '2022-08-15 17:10:17', 'Hoàng Hải Đăng (EC0000001)', 26),
(72, 4, NULL, 'Task', 'CREATE_TASK', '', '<b>Hoàng Hải Đăng (EC0000001)</b> added a new  task <b>TC0000061</b>', '2022-08-15 18:01:57', 'Hoàng Hải Đăng (EC0000001)', '2022-08-15 18:01:57', 'Hoàng Hải Đăng (EC0000001)', 26),
(73, 4, NULL, 'Task', 'CREATE_TASK', '', '<b>Hoàng Hải Đăng (EC0000001)</b> added a new  task <b>TC0000062</b>', '2022-08-15 18:05:14', 'Hoàng Hải Đăng (EC0000001)', '2022-08-15 18:05:14', 'Hoàng Hải Đăng (EC0000001)', 26),
(74, 4, NULL, 'Task', 'CREATE_TASK', '', '<b>Hoàng Hải Đăng (EC0000001)</b> added a new  task <b>TC0000063</b>', '2022-08-15 18:05:37', 'Hoàng Hải Đăng (EC0000001)', '2022-08-15 18:05:37', 'Hoàng Hải Đăng (EC0000001)', 26),
(75, 4, NULL, 'Project', 'CREATE_PROJECT', '', '<b>Hoàng Hải Đăng (EC0000001)</b> added a new  project <b>Project HRM</b>', '2022-08-17 08:16:56', 'Hoàng Hải Đăng (EC0000001)', '2022-08-17 08:16:56', 'Hoàng Hải Đăng (EC0000001)', 32),
(76, 4, NULL, 'Task', 'CREATE_TASK', '', '<b>Hoàng Hải Đăng (EC0000001)</b> added a new  task <b>TC0000064</b>', '2022-08-17 08:17:44', 'Hoàng Hải Đăng (EC0000001)', '2022-08-17 08:17:44', 'Hoàng Hải Đăng (EC0000001)', 32),
(77, 4, NULL, 'Task', 'CREATE_TASK', '', '<b>Hoàng Hải Đăng (EC0000001)</b> added a new  task <b>TC0000065</b>', '2022-08-17 08:58:44', 'Hoàng Hải Đăng (EC0000001)', '2022-08-17 08:58:44', 'Hoàng Hải Đăng (EC0000001)', 26),
(78, 4, NULL, 'Task', 'CREATE_TASK', '', '<b>Hoàng Hải Đăng (EC0000001)</b> added a new  task <b>TC0000066</b>', '2022-08-17 09:02:24', 'Hoàng Hải Đăng (EC0000001)', '2022-08-17 09:02:24', 'Hoàng Hải Đăng (EC0000001)', 26),
(79, 4, NULL, 'Task', 'CREATE_TASK', '', '<b>Hoàng Hải Đăng (EC0000001)</b> added a new  task <b>TC0000067</b>', '2022-08-17 09:04:04', 'Hoàng Hải Đăng (EC0000001)', '2022-08-17 09:04:04', 'Hoàng Hải Đăng (EC0000001)', 14),
(80, 4, NULL, 'Task', 'CREATE_TASK', '', '<b>Hoàng Hải Đăng (EC0000001)</b> added a new  task <b>TC0000068</b>', '2022-08-17 09:04:21', 'Hoàng Hải Đăng (EC0000001)', '2022-08-17 09:04:21', 'Hoàng Hải Đăng (EC0000001)', 14),
(81, 44, NULL, 'Project', 'CREATE_PROJECT', '', '<b>Nguyễn Huy Hoàng (EC0000010)</b> added a new  project <b>CRM KH</b>', '2022-08-17 21:17:12', 'Nguyễn Huy Hoàng (EC0000010)', '2022-08-17 21:17:12', 'Nguyễn Huy Hoàng (EC0000010)', 33),
(82, 42, NULL, 'Project', 'CREATE_PROJECT', '', '<b>Trần Dung (EC0000008)</b> added a new  project <b>Project Test</b>', '2022-08-17 21:19:55', 'Trần Dung (EC0000008)', '2022-08-17 21:19:55', 'Trần Dung (EC0000008)', 34),
(83, 42, NULL, 'Task', 'CREATE_TASK', '', '<b>Trần Dung (EC0000008)</b> added a new  task <b>TC0000069</b>', '2022-08-17 21:24:20', 'Trần Dung (EC0000008)', '2022-08-17 21:24:20', 'Trần Dung (EC0000008)', 14),
(84, 42, NULL, 'Task', 'CREATE_TASK', '', '<b>Trần Dung (EC0000008)</b> added a new  task <b>TC0000070</b>', '2022-08-17 21:30:54', 'Trần Dung (EC0000008)', '2022-08-17 21:30:54', 'Trần Dung (EC0000008)', 14),
(85, NULL, 4, 'RemindTask', 'REMIND_WORK', '', 'You have a task <b>TC0000070</b> need to be done in 9 minutes!', '2022-08-17 21:31:00', 'Schedule Worker', '2022-08-17 21:31:00', 'Schedule Worker', 14),
(86, 42, NULL, 'Task', 'CREATE_TASK', '', '<b>Trần Dung (EC0000008)</b> added a new  task <b>TC0000071</b>', '2022-08-17 21:32:47', 'Trần Dung (EC0000008)', '2022-08-17 21:32:47', 'Trần Dung (EC0000008)', 14),
(87, NULL, 4, 'RemindTask', 'REMIND_WORK', '', 'You have a task <b>TC0000071</b> need to be done in 9 minutes!', '2022-08-17 21:33:00', 'Schedule Worker', '2022-08-17 21:33:00', 'Schedule Worker', 14),
(88, 42, NULL, 'Task', 'CREATE_TASK', '', '<b>Trần Dung (EC0000008)</b> added a new  task <b>TC0000072</b>', '2022-08-17 21:41:44', 'Trần Dung (EC0000008)', '2022-08-17 21:41:44', 'Trần Dung (EC0000008)', 14),
(89, NULL, 4, 'RemindTask', 'REMIND_WORK', '', 'You have a task <b>TC0000072</b> need to be done in 9 minutes!', '2022-08-17 21:42:00', 'Schedule Worker', '2022-08-17 21:42:00', 'Schedule Worker', 14);

-- 
-- Dumping data for table employee_project_mapping
--
INSERT INTO employee_project_mapping VALUES
(4, 4, 4, '2022-05-24 16:10:30', 'Hoàng Hải Đăng', '2022-05-24 16:10:30', 'Hoàng Hải Đăng'),
(14, 4, 14, '2022-05-24 16:10:30', 'Hoàng Hải Đăng', '2022-05-24 16:10:30', 'Hoàng Hải Đăng'),
(34, 14, 4, '2022-05-29 11:29:12', 'Vu Minh Hoàng', '2022-05-29 11:29:12', 'Vu Minh Hoàng'),
(44, 37, 4, '2022-06-24 14:16:51', 'Phí Hồng Mạnh', '2022-06-24 14:16:51', 'Phí Hồng Mạnh'),
(45, 14, 26, '2022-06-24 21:13:28', 'Vũ Minh Hoàng', '2022-06-24 21:13:28', 'Vũ Minh Hoàng'),
(51, 14, 28, '2022-07-07 10:23:48', 'Vũ Minh Hoàng', '2022-07-07 10:23:48', 'Vũ Minh Hoàng'),
(53, 37, 14, '2022-07-11 20:32:57', 'Vũ Minh Hoàng', '2022-07-11 20:32:57', 'Vũ Minh Hoàng'),
(55, 4, 28, '2022-07-27 23:41:39', 'Vũ Minh Hoàng', '2022-07-27 23:41:39', 'Vũ Minh Hoàng'),
(56, 34, 28, '2022-07-27 23:41:42', 'Vũ Minh Hoàng', '2022-07-27 23:41:42', 'Vũ Minh Hoàng'),
(57, 37, 28, '2022-07-27 23:41:46', 'Vũ Minh Hoàng', '2022-07-27 23:41:46', 'Vũ Minh Hoàng'),
(60, 34, 26, '2022-07-27 23:53:06', 'Vũ Minh Hoàng', '2022-07-27 23:53:06', 'Vũ Minh Hoàng'),
(61, 4, 26, '2022-07-28 00:19:59', 'Vũ Minh Hoàng', '2022-07-28 00:19:59', 'Vũ Minh Hoàng'),
(63, 14, 14, '2022-08-10 20:55:44', 'Vũ Minh Hoàng', '2022-08-10 20:55:44', 'Vũ Minh Hoàng'),
(64, 38, 14, '2022-08-13 15:48:14', 'Vũ Minh Hoàn', '2022-08-13 15:48:14', 'Vũ Minh Hoàn'),
(65, 38, 4, '2022-08-13 15:48:25', 'Vũ Minh Hoàn', '2022-08-13 15:48:25', 'Vũ Minh Hoàn'),
(69, 37, 26, '2022-08-15 01:49:56', 'Vũ Minh Hoàn (EC0000002)', '2022-08-15 01:49:56', 'Vũ Minh Hoàn (EC0000002)'),
(70, 39, 26, '2022-08-15 01:50:00', 'Vũ Minh Hoàn (EC0000002)', '2022-08-15 01:50:00', 'Vũ Minh Hoàn (EC0000002)'),
(71, 14, 30, '2022-08-15 07:12:21', 'Vũ Minh Hoàn (EC0000002)', '2022-08-15 07:12:21', 'Vũ Minh Hoàn (EC0000002)'),
(72, 39, 14, '2022-08-15 15:26:27', 'Hoàng Hải Đăng (EC0000001)', '2022-08-15 15:26:27', 'Hoàng Hải Đăng (EC0000001)'),
(73, 42, 14, '2022-08-15 15:26:31', 'Hoàng Hải Đăng (EC0000001)', '2022-08-15 15:26:31', 'Hoàng Hải Đăng (EC0000001)'),
(74, 42, 28, '2022-08-15 15:51:00', 'Hoàng Hải Đăng (EC0000001)', '2022-08-15 15:51:00', 'Hoàng Hải Đăng (EC0000001)'),
(75, 42, 31, '2022-08-15 16:00:16', 'Trần Dung (EC0000008)', '2022-08-15 16:00:16', 'Trần Dung (EC0000008)'),
(76, 4, 32, '2022-08-17 08:16:56', 'Hoàng Hải Đăng (EC0000001)', '2022-08-17 08:16:56', 'Hoàng Hải Đăng (EC0000001)'),
(78, 39, 32, '2022-08-17 08:17:16', 'Hoàng Hải Đăng (EC0000001)', '2022-08-17 08:17:16', 'Hoàng Hải Đăng (EC0000001)'),
(79, 44, 33, '2022-08-17 21:17:12', 'Nguyễn Huy Hoàng (EC0000010)', '2022-08-17 21:17:12', 'Nguyễn Huy Hoàng (EC0000010)'),
(82, 44, 14, '2022-08-17 21:27:19', 'Trần Dung (EC0000008)', '2022-08-17 21:27:19', 'Trần Dung (EC0000008)'),
(83, 43, 14, '2022-08-17 21:30:32', 'Trần Dung (EC0000008)', '2022-08-17 21:30:32', 'Trần Dung (EC0000008)');

-- 
-- Dumping data for table employee
--
INSERT INTO employee VALUES
(4, '8797dedd-a73f-11ec-bf05-0ee724d30681', 'Hoàng Hải Đăng', 1, 'haidangk63@gmail.com', '0866422499', '2022-08-11 22:45:58', 'Vũ Minh Hoàng', '2022-03-19 05:07:38', 'Hoàng Hải Đăng', 'hhdang', '$2a$11$LWPrHOXZIVaRuu8gXqIoNODwRYv5sJJJhKsbIqA.kPDBML0.AbZNm', 'Hoàng Hải', 'Đăng', 1, 'EC0000001'),
(14, '9701b6c6-a73f-11ec-bf05-0ee724d30681', 'Vũ Minh Hoàn', 1, 'hoangvm@gmail.com', '0986561238', '2022-08-11 22:45:24', 'Vũ Minh Hoàng', '2022-03-19 05:07:38', 'Hoàng Hải Đăng', 'modimat', '$2a$11$LWPrHOXZIVaRuu8gXqIoNODwRYv5sJJJhKsbIqA.kPDBML0.AbZNm', 'Vũ Minh', 'Hoàn', 1, 'EC0000002'),
(34, 'a9863d48-a73f-11ec-bf05-0ee724d30681', 'Nguyễn Thanh Hằng', 3, 'hangnt@gmail.com', NULL, '2022-03-19 05:07:38', ' Hoàng Hải Đăng', '2022-03-19 05:07:38', 'Hoàng Hải Đăng', '', '', 'Nguyễn Thanh', 'Hằng', 1, 'EC0000004'),
(37, 'a3d1c1e1-deff-45de-b0e1-b936ee47d01d', 'Phí Hồng Mạnh', 3, 'phmanh@gmail.com', '0546622895', '2022-06-24 14:10:02', NULL, '2022-06-24 14:10:02', NULL, 'modimat1', '$2a$11$S4jegdrZ7rKTh2NggMkbUuDsFjcciU0gUnU9/9fEUx14QtMMD7mMC', 'Phí Hồng', 'Mạnh', 1, 'EC0000005'),
(38, '9b217642-875c-4986-b78e-27610b4442b4', 'Hoàng Hải', 3, 'hoanghai@gmail.com', '0586625624', '2022-07-11 23:57:08', NULL, '2022-07-11 23:57:08', NULL, 'modimat123', '$2a$11$sonETBaXDnpWpmpBjNDg/eiRMtqiWmDnPJ/WwddsyDzlBWvU./sGG', 'Hoàng', 'Hải', 1, 'EC0000006'),
(39, '42511e39-9478-4fc5-9ed1-8166024c7627', 'Nguyễn Hoàng Anh', 3, 'hoanganh@gmail.com', '0586542254', '2022-07-12 00:10:18', NULL, '2022-07-12 00:10:18', NULL, 'hoanganh123', '$2a$11$1WeRHeQW.6EEUnAr9lxyl.3wdqZUsmwC4aA6IrdsoeXEiA5Ts00Ze', 'Nguyễn', 'Hoàng Anh', 1, 'EC0000007'),
(42, '161df238-9b51-4cab-8d52-11d8c88eab3d', 'Trần Dung', 3, 'trandung112@gmail.com', '0985646512', '2022-08-15 08:27:15', 'admin', '2022-08-15 08:27:15', 'admin', 'hhdang5', '$2a$11$TpQ.OG5cn.k9MbSm7nfpke.OUGeBBuzAkmELn8F03qPW9KQ.CaJqe', 'Trần', 'Dung', 1, 'EC0000008'),
(43, 'f4a92d1a-e62b-42bb-b13d-39b68ef5fcb2', 'Hoàng Đăng', 3, 'haidangk63@gmail.com', '0866422499', '2022-08-15 15:59:42', 'admin', '2022-08-15 15:59:42', 'admin', 'hhdang6', '$2a$11$cgUzizRjK.qTwUNwEjTCbORox/hsSc1k.M0fUPrieu5a6FqcMZaaC', 'Hoàng', 'Đăng', 1, 'EC0000009'),
(44, '03abd53d-ce33-434f-831b-29ebfd47faa0', 'Nguyễn Huy Hoàng', 3, 'hoanghuy@gmail.com', '0896563255', '2022-08-17 21:15:50', 'admin', '2022-08-17 21:15:50', 'admin', 'hhdang32', '$2a$11$qAnnwWwldIbieZhyUYEWs.mwnpDhm7I0fAUIlwlU7ZYNC.uZbmp4a', 'Nguyễn Huy', 'Hoàng', 1, 'EC0000010');

-- 
-- Dumping data for table comment
--
INSERT INTO comment VALUES
(1, 52, 38, 'sadfkhj', '2022-08-14 14:59:19', 'Hoàng Hải (EC0000006)', '2022-08-14 14:59:19', 'Hoàng Hải (EC0000006)'),
(2, 52, 38, 'Test comment', '2022-08-14 15:02:24', 'Hoàng Hải (EC0000006)', '2022-08-14 15:02:24', 'Hoàng Hải (EC0000006)'),
(3, 52, 38, 'Test 2', '2022-08-14 15:13:05', 'Hoàng Hải (EC0000006)', '2022-08-14 15:13:05', 'Hoàng Hải (EC0000006)'),
(4, 34, 38, 'singalr is already completed', '2022-08-14 17:45:23', 'Hoàng Hải (EC0000006)', '2022-08-14 17:45:23', 'Hoàng Hải (EC0000006)'),
(5, 34, 38, 'helllooo', '2022-08-14 17:45:35', 'Hoàng Hải (EC0000006)', '2022-08-14 17:45:35', 'Hoàng Hải (EC0000006)'),
(6, 34, 38, 'nooo', '2022-08-14 17:45:40', 'Hoàng Hải (EC0000006)', '2022-08-14 17:45:40', 'Hoàng Hải (EC0000006)'),
(7, 52, 14, 'okay', '2022-08-14 17:46:24', 'Hoàng Hải (EC0000006)', '2022-08-14 17:46:24', 'Hoàng Hải (EC0000006)'),
(8, 52, 4, 'no', '2022-08-14 17:48:15', 'Vũ Minh Hoàn (EC0000002)', '2022-08-14 17:48:15', 'Vũ Minh Hoàn (EC0000002)'),
(9, 54, 4, 'First comment in this task', '2022-08-14 18:39:55', 'Hoàng Hải Đăng (EC0000001)', '2022-08-14 18:39:55', 'Hoàng Hải Đăng (EC0000001)'),
(12, 53, 4, 'comment test id comment', '2022-08-14 22:00:46', 'Hoàng Hải Đăng (EC0000001)', '2022-08-14 22:00:46', 'Hoàng Hải Đăng (EC0000001)'),
(13, 53, 4, 'hey hey hey', '2022-08-14 22:03:59', 'Hoàng Hải Đăng (EC0000001)', '2022-08-14 22:03:59', 'Hoàng Hải Đăng (EC0000001)'),
(16, 59, 4, 'this is a comment', '2022-08-15 16:02:01', 'Hoàng Hải Đăng (EC0000001)', '2022-08-15 16:02:01', 'Hoàng Hải Đăng (EC0000001)');

-- 
-- Dumping data for table auditing_log
--
-- Table task_management.auditing_log does not contain any data (it is empty)

-- 
-- Restore previous SQL mode
-- 
/*!40101 SET SQL_MODE=@OLD_SQL_MODE */;

-- 
-- Enable foreign keys
-- 
/*!40014 SET FOREIGN_KEY_CHECKS = @OLD_FOREIGN_KEY_CHECKS */;